brand,total_words,sustainability_keyword_count,source_count,sustainability_score
Boohoo,19,3,1,0.15789473684210525
H&M,21,5,1,0.23809523809523808
Primark,22,4,1,0.18181818181818182
Shein,20,2,1,0.1
Uniqlo,19,5,1,0.2631578947368421
Zara,20,5,1,0.25
